tập,dải điểm,n,gian lận,điểm trung bình,tỷ lệ gian lận thật,KTC thấp,KTC cao,điểm TB trong KTC
out-of-fold,[0; 0.001),225144,42,1.718814e-05,0.00018654727640976442,0.00013802180522724764,0.0002521289480545018,False
out-of-fold,[0.001; 0.005),1075,9,0.0021412272,0.008372093023255815,0.00441071401308356,0.01583470477684816,False
out-of-fold,[0.005; 0.0232),301,4,0.010274433,0.013289036544850499,0.0051795727480499175,0.03366551926038988,True
out-of-fold,[0.0232; 0.1),78,5,0.04405386,0.0641025641025641,0.027688907083923665,0.14143779620633457,True
out-of-fold,[0.1; 0.5),35,5,0.21433727,0.14285714285714285,0.06260138804853496,0.2937588030867426,True
out-of-fold,[0.5; 0.9),20,7,0.7683872,0.35,0.18118954786794464,0.5671494897805354,False
out-of-fold,[0.9; 1),327,306,0.9967737,0.9357798165137615,0.9038233462092014,0.9576160858332021,False
kiểm thử,[0; 0.001),56216,12,1.81004e-05,0.00021346235947061336,0.00012211682300475503,0.000373110470556314,False
kiểm thử,[0.001; 0.005),333,3,0.0020542478,0.009009009009009009,0.0030684581022774535,0.026148835723663284,False
kiểm thử,[0.005; 0.0232),82,3,0.009483912,0.036585365853658534,0.012519346180045791,0.10212902943271071,False
kiểm thử,[0.0232; 0.1),25,1,0.048684057,0.04,0.007096050386699165,0.19544472405022525,True
kiểm thử,[0.1; 0.5),12,2,0.27867797,0.16666666666666666,0.04696414761482223,0.44803635738467273,True
kiểm thử,[0.5; 0.9),7,4,0.75971025,0.5714285714285714,0.2504542304090258,0.8417830777373732,True
kiểm thử,[0.9; 1),71,70,0.99857944,0.9859154929577465,0.9244376915206172,0.997509460865222,False
