cost_ratio,cost_fn,cost_fp,threshold,tp,fp,fn,tn,alerts,precision,recall,f1,expected_cost,alerts_per_day,recall_test,precision_test,tp_test,fp_test,fn_test,alerts_per_day_test,cost_test,regret_oof
5.0,25.0,5.0,0.720512330532074,313,28,65,226574,341,0.9178885630498533,0.828042328042328,0.8706536856745479,1765.0,213.12575116750372,0.7684210526315789,0.9605263157894737,73,3,22,189.9973213971029,565.0,0.16713881019830024
7.5,37.5,5.0,0.09856996685266495,319,64,59,226538,383,0.8328981723237598,0.843915343915344,0.8383705650459921,2532.5,239.37584368666842,0.8,0.8444444444444444,76,14,19,224.9968279702534,782.5,0.08489634748272468
10.0,50.0,5.0,0.09856996685266495,319,64,59,226538,383,0.8328981723237598,0.843915343915344,0.8383705650459921,3270.0,239.37584368666842,0.8,0.8444444444444444,76,14,19,224.9968279702534,1020.0,0.050458715596330306
15.0,75.0,5.0,0.09856996685266495,319,64,59,226538,383,0.8328981723237598,0.843915343915344,0.8383705650459921,4745.0,239.37584368666842,0.8,0.8444444444444444,76,14,19,224.9968279702534,1495.0,0.013698630136986356
20.0,100.0,5.0,0.023172983899712563,323,137,55,226465,460,0.7021739130434783,0.8544973544973545,0.7708830548926016,6185.0,287.501013305137,0.8105263157894737,0.6695652173913044,77,38,18,287.49594685087936,1990.0,0.0
24.44,122.2,5.0,0.023172983899712563,323,137,55,226465,460,0.7021739130434783,0.8544973544973545,0.7708830548926016,7406.0,287.501013305137,0.8105263157894737,0.6695652173913044,77,38,18,287.49594685087936,2389.6,0.0
30.0,150.0,5.0,0.023172983899712563,323,137,55,226465,460,0.7021739130434783,0.8544973544973545,0.7708830548926016,8935.0,287.501013305137,0.8105263157894737,0.6695652173913044,77,38,18,287.49594685087936,2890.0,0.0
40.0,200.0,5.0,0.023172983899712563,323,137,55,226465,460,0.7021739130434783,0.8544973544973545,0.7708830548926016,11685.0,287.501013305137,0.8105263157894737,0.6695652173913044,77,38,18,287.49594685087936,3790.0,0.0
50.0,250.0,5.0,0.023172983899712563,323,137,55,226465,460,0.7021739130434783,0.8544973544973545,0.7708830548926016,14435.0,287.501013305137,0.8105263157894737,0.6695652173913044,77,38,18,287.49594685087936,4690.0,0.0
75.0,375.0,5.0,0.0022616800852119923,334,781,44,225821,1115,0.29955156950672646,0.8835978835978836,0.4474212993971869,20405.0,696.8774561635386,0.8526315789473684,0.262987012987013,81,227,14,769.9891446093117,6385.0,0.04435187454055378
100.0,500.0,5.0,0.0022616800852119923,334,781,44,225821,1115,0.29955156950672646,0.8835978835978836,0.4474212993971869,25905.0,696.8774561635386,0.8526315789473684,0.262987012987013,81,227,14,769.9891446093117,8135.0,0.0880138969310944
