loại,chỉ số test,điểm,Amount,giờ,tổng SHAP,đẩy LÊN mạnh nhất,kéo XUỐNG mạnh nhất
FN,10087,0.015891993,451.27,0,-7.402252,"V4 +1.25, V23 +0.21, V16 +0.20","V14 -2.58, V12 -1.11, V18 -1.03"
FN,32358,0.005795428,8.0,16,-8.4212055,"V14 +2.56, V8 +0.67, V21 +0.41","V11 -4.41, V24 -0.90, V4 -0.76"
FN,1784,0.005526386,1.0,17,-8.469014,"V14 +2.18, V4 +1.30, Amount +0.25","V11 -4.64, V1 -1.47, V10 -1.09"
FN,44579,0.004893449,723.21,12,-8.591284,"V14 +1.72, V4 +1.04, V6 +0.28","V12 -1.54, V11 -1.23, V10 -1.22"
FN,54283,0.0016612618,519.9,14,-9.674847,"V13 +0.46, V23 +0.40, V21 +0.40","V14 -3.41, V26 -1.00, V3 -0.94"
FN,12142,0.001060751,0.76,14,-10.124047,"V4 +1.22, V14 +1.07, V7 +0.11","V8 -2.52, V3 -1.57, V12 -1.32"
FN,56082,0.00032036516,320.0,18,-11.322066,"V20 +0.59, hour_sin +0.29, Amount +0.21","V11 -2.43, V14 -2.14, V4 -1.36"
FN,54582,0.00023808863,0.92,4,-11.618973,"V7 +0.58, V20 +0.52, V21 +0.28","V14 -3.68, V10 -1.53, V28 -1.04"
FP,33810,0.999974,109.9,21,7.2804446,"V14 +4.36, V10 +1.84, V12 +1.75","V28 -1.00, V8 -0.81, hour_cos -0.43"
FP,49255,0.8521862,8.99,20,-1.5244823,"V14 +3.21, V12 +1.86, V16 +0.62","V8 -1.56, V15 -0.91, V22 -0.73"
FP,40433,0.8028715,25691.16,22,-1.8719945,"V14 +2.98, V12 +1.74, V4 +0.93","V7 -2.69, V16 -1.25, V15 -0.93"
FP,39342,0.51107013,1.0,3,-3.2320464,"V14 +3.84, V10 +1.82, V12 +1.25","V8 -1.36, V6 -1.03, V18 -0.81"
FP,53773,0.48909676,1.0,11,-3.3199573,"V14 +4.23, V10 +1.74, V12 +1.36","V26 -1.68, V8 -1.64, V27 -1.33"
FP,4051,0.4421255,10.61,9,-3.5088708,"V14 +3.83, V10 +1.33, V12 +0.99","V7 -1.93, V16 -0.90, Amount -0.76"
FP,51125,0.40104944,911.09,13,-3.6774287,"V14 +2.52, V10 +2.09, V12 +1.58","V11 -1.63, V4 -1.09, V27 -0.95"
FP,35926,0.3046077,0.0,22,-4.1017814,"V14 +1.58, V4 +1.49, V28 +0.32","V12 -1.28, V17 -0.92, V1 -0.80"
