rank_cohens_d,feature,in_model,n_fraud,n_legit,mean_fraud,mean_legit,median_fraud,median_legit,u_statistic,p_value,p_adjusted,significant,cohens_d,abs_cohens_d,effect_size,cliffs_delta,abs_cliffs_delta,cliff_size,pearson_r,rank_cliffs_delta,rank_pearson
1,V17,True,473,283253,-6.463285283202743,0.010963389701460647,-5.15759639749234,-0.0650960876815335,26732456.0,2.854261096387558e-113,7.784348444693339e-113,True,-8.092437571015354,8.092437571015354,lớn,-0.6009445951429776,0.6009445951429776,lớn,-0.31349827295568244,11,1
2,V14,True,473,283253,-6.835946034242057,0.011667983931694605,-6.59055029705192,0.0514861257401475,7082225.0,2.304859049719335e-248,6.914577149158004e-247,True,-7.522232814043625,7.522232814043625,lớn,-0.8942783197823827,0.8942783197823827,lớn,-0.2933753847900375,1,2
3,V12,True,473,283253,-6.103254016904439,0.009475752444318754,-5.43735368941346,0.140572558691035,8781437.0,1.358343782132312e-234,1.3583437821323118e-233,True,-6.348196022814036,6.348196022814036,lớn,-0.8689129088153578,0.8689129088153578,lớn,-0.25071117720572444,3,3
4,V10,True,473,283253,-5.453274110501309,0.007663225565805389,-4.46628416302479,-0.0921203203519372,11980128.0,9.598036358821476e-210,5.758821815292886e-209,True,-5.185574083453133,5.185574083453133,lớn,-0.821163651058513,0.821163651058513,lớn,-0.20697123823505995,5,4
5,V16,True,473,283253,-4.000956270761194,0.007845091011250985,-3.30289861059986,0.0680997334634761,21244264.0,1.1105055547481082e-145,4.164395830305406e-145,True,-4.6708755396154045,4.6708755396154045,lớn,-0.6828709501510274,0.6828709501510274,lớn,-0.18718605284536483,8,5
6,V3,True,473,283253,-6.729598957711674,0.012853470958343296,-4.87539667887196,0.182247352316482,12240264.0,8.73865641883307e-208,4.3693282094165344e-207,True,-4.54527766972233,4.54527766972233,lớn,-0.8172804060323962,0.8172804060323962,lớn,-0.18232224748340742,6,6
7,V7,True,473,283253,-5.175912109207488,0.010446877877581829,-2.90207924674704,0.0416638274441651,22826763.0,6.513087124630184e-136,1.9539261373890553e-135,True,-4.288743314458526,4.288743314458526,lớn,-0.659247801603403,0.659247801603403,lớn,-0.17234653244006437,10,7
8,V11,True,473,283253,3.7163466122536013,-0.006003777751483107,3.52572598717089,-0.0344457726991689,122566787.0,4.678414391392784e-214,3.5088107935445875e-213,True,3.6952279658035603,3.6952279658035603,lớn,0.8296462849619741,0.8296462849619741,lớn,0.1490671036700986,4,8
9,V4,True,473,283253,4.472591015834153,-0.010439974774329853,4.10009796977678,-0.0244996778483201,125438246.0,1.5992207470091923e-236,2.3988311205137885e-235,True,3.1968892480700872,3.1968892480700872,lớn,0.8725107054168451,0.8725107054168451,lớn,0.12932583072677223,2,9
10,V18,True,473,283253,-2.157070884519879,0.0051197569658972516,-1.41791682839858,-0.001436202543504,35744597.0,5.452518202711613e-69,1.0905036405423225e-68,True,-2.596539587560992,2.596539587560992,lớn,-0.4664136124534869,0.4664136124534869,trung bình,-0.10533971521707602,15,10
11,V1,True,473,283253,-4.498280129044758,0.013438642328427682,-2.27175453696818,0.0225615374283257,28197486.0,2.570801236736305e-105,6.427003091840762e-105,True,-2.3264502947522665,2.3264502947522665,lớn,-0.5790749943933239,0.5790749943933239,lớn,-0.09448583378656782,12,11
12,V9,True,473,283253,-2.5221241496636746,0.002612792764503291,-2.09904890456221,-0.0513682299438331,21264298.0,1.4836338386706985e-145,4.945446128902328e-145,True,-2.3149098631931073,2.3149098631931073,lớn,-0.6825718876189164,0.6825718876189164,lớn,-0.09402128731255542,9,12
13,V5,True,473,283253,-2.957196758790482,0.006768791107379448,-1.37224488981369,-0.0528068243875719,40179560.0,2.8300422665548195e-51,4.99419223509674e-51,True,-2.1608108491592732,2.1608108491592732,lớn,-0.40020959605144313,0.40020959605144313,trung bình,-0.08781244297489789,17,13
14,V2,True,473,283253,3.405964681895525,-0.00982923029899433,2.61710490740972,0.0625611368314136,113855524.0,8.27456173131813e-153,3.546240741993484e-152,True,2.081786933562669,2.081786933562669,lớn,0.6996067336659391,0.6996067336659391,lớn,0.08462444869117311,7,14
15,V6,True,473,283253,-1.432517862629184,0.0012507494109572105,-1.42046761821774,-0.274171945678622,30983681.0,5.34406218307445e-91,1.233245119171027e-90,True,-1.077496568880256,1.077496568880256,lớn,-0.5374833735659816,0.5374833735659816,lớn,-0.04391540923808697,13,15
16,V19,True,473,283253,0.6691429926717859,-0.0013820968751123582,0.647708880496559,0.0027369562235966,87947406.0,5.230052864806167e-32,7.84507929720925e-32,True,0.8248354064315784,0.8248354064315784,lớn,0.3128568399197935,0.3128568399197935,nhỏ,0.03363115444222965,20,16
17,V8,True,473,283253,0.9532545908983874,-0.0024477051694095334,0.617737791926574,0.0216333511326536,88742548.0,2.3688203485976863e-34,3.9480339143294775e-34,True,0.8110088431393093,0.8110088431393093,lớn,0.3247265204582679,0.3247265204582679,nhỏ,0.03306802333281754,18,17
18,V21,True,473,283253,0.46655032190048024,-0.0011502974611994898,0.573898081112651,-0.0297983578228729,99578153.0,6.872462725487791e-75,1.4726705840330982e-74,True,0.6462996062682558,0.6462996062682558,trung bình,0.48647771683714813,0.48647771683714813,lớn,0.02635743889706768,14,18
19,V27,True,473,283253,0.21377375073690713,0.0014089980496590946,0.394681955439504,0.0013681733904365,94018959.0,4.3340451151499335e-52,8.126334590906126e-52,True,0.5367493885418417,0.5367493885418417,trung bình,0.4034914617639618,0.4034914617639618,trung bình,0.02189211330695985,16,19
20,V20,True,473,283253,0.40504283092810434,-0.0004888872308814452,0.285558785827713,-0.0625073415999218,87983679.0,4.106314628603238e-32,6.483654676741956e-32,True,0.5267960347820766,0.5267960347820766,trung bình,0.3133983141749228,0.3133983141749228,nhỏ,0.021486340321009812,19,20
21,Time,False,473,283253,80450.51374207188,94835.05809294165,73408.0,84711.0,55697454.0,2.2333299415120161e-10,3.0454499202436585e-10,True,-0.302975995846995,0.302975995846995,nhỏ,-0.16856236271461988,0.16856236271461988,nhỏ,-0.012359339838081214,22,21
22,V28,True,473,283253,0.07827024722452902,0.00041752371998400763,0.145895338821258,0.0112380821971148,86597204.0,3.173666125126738e-28,4.533808750181055e-28,True,0.23734732140715545,0.23734732140715545,nhỏ,0.292701362781862,0.292701362781862,nhỏ,0.009682426330025683,21,22
23,V24,True,473,283253,-0.10664298008218374,0.00039264606195942465,-0.0612634320139128,0.0411148380607056,58362910.0,1.2548176939683109e-06,1.6367187312630143e-06,True,-0.1767395990273304,0.1767395990273304,không đáng kể,-0.12877310342588943,0.12877310342588943,không đáng kể,-0.007210125120706764,23,23
24,V23,True,473,283253,-0.09646415866751903,0.00035958571960008497,-0.0750342624995709,-0.0110774872518417,61509979.0,0.0020798247544635577,0.002495789705356269,True,-0.15524313986341037,0.15524313986341037,không đáng kể,-0.08179444595019825,0.08179444595019825,không đáng kể,-0.00633321064302292,25,24
25,Amount,True,473,283253,123.87186046511628,88.41357475472458,9.82,22.0,59517129.5,2.68609023836721e-05,3.3576127979590126e-05,True,0.14160900414597297,0.14160900414597297,không đáng kể,-0.11154320394091988,0.11154320394091988,không đáng kể,0.005777019670480937,24,25
26,V22,True,473,283253,0.0866387566862272,-0.0001597294372844127,0.0551792270194195,0.0066748951611519,69314702.0,0.19137792581806656,0.1979771646393792,False,0.11979754884230728,0.11979754884230728,không đáng kể,0.03471250337619036,0.03471250337619036,không đáng kể,0.0048872321638306696,29,26
27,V26,True,473,283253,0.05045623023325889,6.54345239241635e-05,0.0127924878401756,-0.0522930418044796,72036301.0,0.004573233360948331,0.00527680772417115,True,0.10453450412524493,0.10453450412524493,không đáng kể,0.07533985130125442,0.07533985130125442,không đáng kể,0.0042645767912485415,26,27
28,V13,True,473,283253,-0.09432409141080232,0.000761893766372863,-0.0636341960877915,-0.0129048229995074,64039341.0,0.09742620901537977,0.10438522394504976,False,-0.09552311494917372,0.09552311494917372,không đáng kể,-0.044036763792600464,0.044036763792600464,không đáng kể,-0.0038969551114300884,28,28
29,V15,True,473,283253,-0.07282957384768347,0.0011661964990720805,-0.0386320690669864,0.0494352367227637,65015403.0,0.26740497551450615,0.26740497551450615,False,-0.08087939410888911,0.08087939410888911,không đáng kể,-0.029466354826976238,0.029466354826976238,không đáng kể,-0.0032995578711374,30,29
30,V25,True,473,283253,0.04061511665754739,-0.0003005976324783138,0.0779134112043686,0.0161898202982954,71299741.0,0.01544328740122879,0.017159208223587543,True,0.07850010963080013,0.07850010963080013,không đáng kể,0.0643446681799773,0.0643446681799773,không đáng kể,0.0032024935301103903,27,30
