checked_at,kind,name,seconds,before,after,abs_diff,tolerance,identical,text_cells_changed,note
2026-09-27T09:26:05Z,notebook,01_eda,92.77568020002218,,,,,,,
2026-09-27T09:26:05Z,notebook,02_statistics,67.7142743000295,,,,,,,
2026-09-27T09:26:05Z,notebook,03_baseline,211.27615730004618,,,,,,,
2026-09-27T09:26:05Z,notebook,04_imbalance_strategies,464.9673470000271,,,,,,,
2026-09-27T09:26:05Z,notebook,05_advanced_models,1985.0078922999674,,,,,,,
2026-09-27T09:26:05Z,notebook,06_threshold_and_cost,232.69792529998813,,,,,,,
2026-09-27T09:26:05Z,notebook,06b_autoencoder,465.5013999000075,,,,,,,
2026-09-27T09:26:05Z,notebook,07_explainability,189.88179349998245,,,,,,,
2026-09-27T09:26:05Z,notebook,08_export_artifacts,561.1748939999961,,,,,,,
2026-09-27T09:26:05Z,number,headline.pr_auc.value,,0.8252465892005295,0.8252465892005295,0.0,0.001,,,
2026-09-27T09:26:05Z,number,headline.pr_auc.ci_low,,0.7470049937945414,0.7470049937945414,0.0,,,,
2026-09-27T09:26:05Z,number,headline.pr_auc.ci_high,,0.8959596008923942,0.8959596008923942,0.0,,,,
2026-09-27T09:26:05Z,number,headline.roc_auc.value,,0.9773001637914136,0.9773001637914136,0.0,,,,
2026-09-27T09:26:05Z,number,headline.roc_auc.ci_low,,0.9609343821681969,0.9609343821681969,0.0,,,,
2026-09-27T09:26:05Z,number,headline.roc_auc.ci_high,,0.9911587801209435,0.9911587801209435,0.0,,,,
2026-09-27T09:26:05Z,number,headline.recall.value,,0.8105263157894737,0.8105263157894737,0.0,,,,
2026-09-27T09:26:05Z,number,headline.recall.ci_low,,0.7368421052631579,0.7368421052631579,0.0,,,,
2026-09-27T09:26:05Z,number,headline.recall.ci_high,,0.8842105263157894,0.8842105263157894,0.0,,,,
2026-09-27T09:26:05Z,number,headline.precision.value,,0.6695652173913044,0.6695652173913044,0.0,,,,
2026-09-27T09:26:05Z,number,headline.precision.ci_low,,0.6,0.6,0.0,,,,
2026-09-27T09:26:05Z,number,headline.precision.ci_high,,0.7522166034555414,0.7522166034555414,0.0,,,,
2026-09-27T09:26:05Z,number,threshold.default_threshold,,0.023172983899712563,0.023172983899712563,0.0,,,,
2026-09-27T09:26:05Z,fingerprint,test_scores_sha256,,32e5d55eac11a289,32e5d55eac11a289,,,True,,
2026-09-27T09:26:05Z,fingerprint,oof_scores_sha256,,0b7b0e99ca7b1c52,0b7b0e99ca7b1c52,,,True,,
2026-09-27T09:26:05Z,table,autoencoder_comparison.csv,,,,0.0,,True,0.0,
2026-09-27T09:26:05Z,table,baseline_results.csv,,,,0.0,,True,0.0,bỏ qua 1 cột thời gian
2026-09-27T09:26:05Z,table,cost_sensitivity.csv,,,,0.0,,True,0.0,
2026-09-27T09:26:05Z,table,error_analysis.csv,,,,0.0,,True,0.0,
2026-09-27T09:26:05Z,table,feature_ranking.csv,,,,0.0,,True,0.0,
2026-09-27T09:26:05Z,table,final_test_metrics.csv,,,,0.0,,True,0.0,
2026-09-27T09:26:05Z,table,grid_results.csv,,,,0.0,,True,0.0,bỏ qua 2 cột thời gian
2026-09-27T09:26:05Z,table,search_results.csv,,,,0.0,,True,0.0,bỏ qua 1 cột thời gian
2026-09-27T09:26:05Z,table,shap_ranking.csv,,,,0.0,,True,0.0,
2026-09-27T09:26:05Z,table,split_comparison.csv,,,,0.0,,True,0.0,
2026-09-27T09:26:05Z,table,threshold_comparison.csv,,,,0.0,,True,0.0,
