feature,mean_abs_shap,mean_abs_shap_fraud,mean_shap_fraud,rank_shap,rank_shap_fraud,share,lr_std_coef,rank_lr,abs_cohens_d,abs_cliffs_delta,pearson_r,rank_cohens_d,rank_cliffs_delta,rank_pearson
V14,2.6793315,3.6198719,2.7764997,1,1,0.15840286,-1.492906767138171,3,7.522232814043625,0.8942783197823827,-0.2933753847900375,2.0,1.0,2.0
V4,1.87762,1.1919982,0.8925974,2,4,0.11100543,1.2012910322409736,6,3.1968892480700872,0.8725107054168451,0.1293258307267722,9.0,2.0,9.0
V12,1.2919997,1.521002,1.0923742,3,3,0.0763834,-1.3992132159111177,4,6.348196022814036,0.8689129088153578,-0.2507111772057244,3.0,3.0,3.0
V11,1.0019778,0.66590565,0.08429398,4,7,0.059237216,0.6724890659299533,13,3.69522796580356,0.8296462849619741,0.1490671036700986,8.0,4.0,8.0
V10,0.9460074,1.6268675,1.1164881,5,2,0.05592823,-1.2323057597105034,5,5.185574083453133,0.821163651058513,-0.2069712382350599,4.0,5.0,4.0
V3,0.85655075,0.6953839,0.22500323,6,6,0.05063953,0.6263351176051019,16,4.54527766972233,0.8172804060323962,-0.1823222474834074,6.0,6.0,6.0
V8,0.6676575,0.69827336,-0.5281379,7,5,0.039472103,-0.5396099964383836,17,0.8110088431393093,0.3247265204582679,0.0330680233328175,17.0,18.0,17.0
V26,0.47164598,0.33475837,-0.23057875,8,13,0.027883846,-0.17481550599718723,28,0.1045345041252449,0.0753398513012544,0.0042645767912485,26.0,25.0,26.0
V1,0.4073823,0.1233791,-0.060882553,9,31,0.02408456,1.5391187444801857,2,2.3264502947522665,0.5790749943933239,-0.0944858337865678,11.0,12.0,11.0
V28,0.3931285,0.42095992,-0.3929138,10,12,0.023241872,0.2813430569659409,24,0.2373473214071554,0.292701362781862,0.0096824263300256,21.0,21.0,21.0
V19,0.37677723,0.16532652,-0.07619496,11,30,0.022275178,0.4157229743374039,19,0.8248354064315784,0.3128568399197935,0.0336311544422296,16.0,20.0,16.0
V5,0.36389983,0.25005054,-0.23474519,12,20,0.021513863,1.0313835463542764,7,2.160810849159273,0.4002095960514431,-0.0878124429748978,13.0,17.0,13.0
V15,0.3564384,0.26450643,-0.25434402,13,18,0.021072742,-0.2963621474272555,22,0.0808793941088891,0.0294663548269762,-0.0032995578711374,28.0,29.0,28.0
V16,0.35280722,0.46337783,0.23904784,14,9,0.020858064,-0.6458972951151365,15,4.6708755396154045,0.6828709501510274,-0.1871860528453648,5.0,8.0,5.0
V22,0.3385679,0.22426315,-0.15409641,15,22,0.020016233,0.653932188224179,14,0.1197975488423072,0.0347125033761903,0.0048872321638306,25.0,28.0,25.0
V21,0.33650032,0.21805574,0.011075052,16,24,0.019893996,0.18353399758659739,27,0.6462996062682558,0.4864777168371481,0.0263574388970676,18.0,14.0,18.0
V7,0.33554104,0.52622193,0.24456105,17,8,0.019837283,-0.7686421634888173,11,4.288743314458526,0.659247801603403,-0.1723465324400643,7.0,10.0,7.0
V18,0.33552626,0.22935857,-0.22254087,18,21,0.019836409,-0.39522134908565587,21,2.596539587560992,0.4664136124534869,-0.105339715217076,10.0,15.0,10.0
Amount,0.33345047,0.43613285,-0.013454044,19,10,0.019713689,2.1779013002045655,1,0.1416090041459729,0.1115432039409198,0.0057770196704809,24.0,23.0,24.0
V24,0.316363,0.28402945,-0.24105874,20,16,0.018703472,0.14854784268367793,29,0.1767395990273304,0.1287731034258894,-0.0072101251207067,22.0,22.0,22.0
V13,0.31444627,0.26247042,-0.22868301,21,19,0.018590154,-0.293410936815619,23,0.0955231149491737,0.0440367637926004,-0.00389695511143,27.0,27.0,27.0
V9,0.30571735,0.17868552,-0.09528156,22,29,0.018074097,-0.5264469367302325,18,2.3149098631931078,0.6825718876189164,-0.0940212873125554,12.0,9.0,12.0
V27,0.30234447,0.31687683,-0.3078341,23,14,0.017874692,-0.19141513002045074,26,0.5367493885418417,0.4034914617639618,0.0218921133069598,19.0,16.0,19.0
V17,0.2964737,0.4291875,0.23707938,24,11,0.017527612,-0.8670511978027342,9,8.092437571015354,0.6009445951429776,-0.3134982729556824,1.0,11.0,1.0
V6,0.2833151,0.31492758,-0.28742152,25,15,0.01674967,-0.6987795051794685,12,1.077496568880256,0.5374833735659816,-0.0439154092380869,15.0,13.0,15.0
V25,0.27702343,0.21316536,-0.21213895,26,25,0.016377706,-0.09468060404684343,30,0.0785001096308001,0.0643446681799773,0.0032024935301103,29.0,26.0,29.0
hour_cos,0.25577325,0.18213724,-0.17591847,27,27,0.015121388,0.0939270022660036,31,,,,,,
V23,0.21393892,0.21276005,-0.15032357,28,26,0.012648131,0.4153601248390985,20,0.1552431398634103,0.0817944459501982,-0.0063332106430229,23.0,24.0,23.0
V20,0.21037248,0.18083724,-0.13388412,29,28,0.012437281,-0.8019133413653134,10,0.5267960347820766,0.3133983141749228,0.0214863403210098,20.0,19.0,20.0
hour_sin,0.20875484,0.26506627,-0.11814889,30,17,0.0123416465,-0.26585516690468647,25,,,,,,
V2,0.20733328,0.2239774,-0.21426636,31,23,0.012257603,0.9093573085489929,8,2.081786933562669,0.6996067336659391,0.0846244486911731,14.0,7.0,14.0
